"Newman, Marshall X.",orci.in.consequat@sed.edu,668-230281,"P.O. Box 632, 1647 Vehicula. Rd.",Clarksville,Ireland,1730
"Ryan, Basil Y.",magna.a.tortor@Cumsociisnatoque.com,676-074748,"P.O. Box 682, 968 Mollis Ave",Boncelles,Togo,1844
"Alvarado, Camille K.",arcu@interdum.org,648-387819,"P.O. Box 945, 3106 Dolor, Street",Weesp,Hungary,936
"Rhodes, Piper X.",Praesent.luctus.Curabitur@lectusNullam.co.uk,641-113577,3774 Donec St.,Colchane,Honduras,2932
"Hahn, Mia K.",lectus.justo@Crasinterdum.ca,642-647205,"Ap #263-5972 A, Road",Khanewal,Comoros,3247
"Noel, Julie G.",Proin.mi@dolor.co.uk,659-285422,2805 Ac Avenue,Santo Domingo,Greece,1328
"Beck, Wendy H.",rhoncus@atlacusQuisque.net,661-123473,606-7533 A Av.,Kukatpalle,"Saint Helena, Ascension and Tristan da Cunha",2104
"Marquez, Adara U.",Mauris.vestibulum.neque@Aenean.com,608-216130,"Ap #201-4705 Non, Avenue",Bierk Bierghes,India,740
"Patton, Sydney Q.",ipsum.Phasellus@natoquepenatibus.net,681-155928,819-3619 Enim Street,Sète,Greece,1606
"Holland, Dennis U.",Duis.cursus.diam@aliquetvelvulputate.edu,674-607743,Ap #944-3399 Orci. Road,Hoofddorp,Samoa,3692
"Cooper, Abraham P.",diam.at@Inmi.com,639-392747,4050 Sit Street,Houtave,Thailand,668
"Saunders, Shoshana C.",augue.ac.ipsum@orciluctus.edu,645-589220,Ap #752-1369 Erat Rd.,Patan,Italy,3697
"Cherry, Donovan F.",nec.tellus@lacus.edu,635-146133,468-7422 Venenatis St.,Newport News,Morocco,3765
"Peters, Leigh B.",cursus@ornareliberoat.com,676-725188,6838 Lobortis Rd.,Burgos,Western Sahara,3415
"Jimenez, Noelle J.",luctus@conubianostraper.ca,624-249539,1864 Elementum Street,Quellón,United Arab Emirates,3767
"Murray, Gemma C.",hymenaeos@aliquetPhasellus.org,619-550779,3376 Donec Rd.,Turnhout,Finland,681
"Ferguson, Donna L.",amet.ornare@augueeutellus.com,673-360369,242-8340 Viverra. Avenue,Pincher Creek,Namibia,2164
"Case, Darius X.",Nunc@Crasvehicula.com,678-553784,967-4435 Euismod Street,Kilsyth,Georgia,602
"Estrada, Driscoll G.",tempus.eu@aliquamenim.edu,610-976831,"P.O. Box 152, 7971 Quis St.",Melilla,Eritrea,963
"Hudson, Tobias A.",at.risus@euturpisNulla.com,661-070655,163-5245 Natoque Av.,Ottignies,United States,2868
"Burks, Steel W.",risus.In@Sedpharetra.co.uk,695-557649,Ap #613-8348 Dolor Avenue,Ruda,Nigeria,3812
"Porter, Tamara O.",purus.Duis.elementum@nec.org,694-610647,Ap #266-8436 Convallis St.,Cropalati,Cyprus,1070
"Beach, Anthony A.",orci.sem@Aliquam.ca,673-911152,Ap #276-4170 Donec St.,Etawah,Cocos (Keeling) Islands,3886
"Juarez, Kelsie X.",In.ornare.sagittis@seddictum.com,620-655914,Ap #855-4716 Morbi Rd.,Halen,Denmark,3279
"Burke, Penelope F.",nulla.Integer.vulputate@Maurisblanditenim.edu,647-255313,"P.O. Box 576, 6963 A Road",Mango,Guatemala,3153
"Barker, Linus T.",ullamcorper.magna@nibh.net,646-582785,"Ap #982-5813 Non, Street",Holyhead,Macao,1140
"Jacobs, Fulton Y.",Vestibulum@auctorullamcorper.net,608-785501,455-4803 Quis Street,Cowdenbeath,Papua New Guinea,3852
"Barnett, Heather W.",eros@vestibulum.co.uk,616-448650,"P.O. Box 290, 381 Dis Road",Hekelgem,"Saint Helena, Ascension and Tristan da Cunha",786
"Stuart, Orla V.",rutrum.magna.Cras@auctorMaurisvel.co.uk,614-643808,"P.O. Box 540, 9262 Eu St.",Davenport,Iceland,2940
"Massey, Olga P.",tincidunt@auctor.edu,639-452603,Ap #651-9126 Consectetuer Street,Champlain,Seychelles,1761
"Chan, Jada R.",feugiat.Sed.nec@euismod.com,668-221410,5637 Tristique Rd.,Enterprise,Burundi,2983
"Long, Rinah U.",ornare@Vestibulumut.edu,697-632102,Ap #451-415 Risus. Avenue,Maser,Tunisia,1374
"Cooley, Cameron A.",dis.parturient@fermentumvelmauris.com,660-313679,"P.O. Box 812, 2915 In Rd.",Antártica,Angola,3753
"Shields, Quinn H.",est.mollis.non@maurisanunc.net,658-002670,396-6466 Fringilla Rd.,Purmerend,Bolivia,3020
"Pugh, Orli M.",hendrerit.a@odioapurus.co.uk,699-871656,2099 Neque Ave,Vellore,Australia,3757
"Pickett, Sebastian X.",mauris.Integer.sem@risusa.net,619-180182,8334 Rutrum Avenue,Unnao,Paraguay,3205
"Barron, Basil C.",Fusce.fermentum@ametconsectetueradipiscing.edu,617-344506,5051 Sit Rd.,Oliver,Bolivia,2243
"Rasmussen, Lyle X.",Duis.at.lacus@Quisquevarius.net,655-534236,Ap #369-2335 Mauris St.,Impe,Saint Kitts and Nevis,1146
"Dejesus, Roary U.",lacus.Quisque.purus@Integer.org,699-097200,776-8441 Fringilla. Street,Antakya,Bahamas,3093
"Meyer, Mikayla L.",est.congue@atsem.edu,601-403780,"P.O. Box 813, 2926 Ut Road",Lauregno/Laurein,Cayman Islands,3453
"Maynard, Nyssa A.",scelerisque.dui.Suspendisse@venenatisvel.edu,636-631309,"P.O. Box 803, 8032 Nisi Ave",Wanganui,American Samoa,3812
"Dillard, Chaney L.",nec.euismod.in@aliquetliberoInteger.ca,626-730565,"746-4186 A, Ave",Dampremy,Latvia,1887
"Curry, Tana A.",at@necleoMorbi.net,689-337896,"689-888 Quis, Rd.",Moncton,Afghanistan,2165
"Farley, Pearl Q.",enim.Mauris@tempus.org,666-447568,Ap #921-7327 Dignissim Avenue,Exeter,Iceland,3593
"Bridges, Vera B.",sed@vehiculaaliquetlibero.co.uk,677-444623,353-7470 Auctor Avenue,Patiala,Mauritania,2453
"Britt, Zahir K.",risus@aliquetmolestie.org,628-108216,8116 Malesuada Ave,Los Ángeles,Japan,1368
"Mckee, Flynn B.",placerat@acurna.org,641-184249,"P.O. Box 363, 3029 Ipsum. St.",Baltasound,Spain,2643
"Mathews, Victoria V.",lorem.sit.amet@amet.com,614-190267,3729 Vitae St.,Codognè,Tuvalu,3898
"Peters, Hillary C.",non.arcu.Vivamus@non.org,630-869705,930-5406 Libero. St.,Bolzano/Bozen,Greenland,998
"Love, Haviva Y.",Quisque@arcuNuncmauris.co.uk,677-721345,"P.O. Box 253, 8604 Cursus St.",Sachs Harbour,Belarus,769
"Spencer, Shaine G.",euismod.urna.Nullam@VivamusrhoncusDonec.ca,660-961777,740-8008 Duis Rd.,Burlington,Kazakhstan,2216
"Clark, Morgan R.",non@ipsum.org,628-244525,Ap #888-4243 Pharetra Avenue,Chiari,Guinea,3943
"Anthony, Quail H.",luctus@dolorelitpellentesque.ca,616-967674,Ap #489-4964 Nunc Avenue,Kent,Gabon,2935
"Hale, Mollie K.",scelerisque.scelerisque@nibhAliquamornare.ca,689-910521,297 Nunc. St.,Boncelles,Chile,2225
"Little, Caldwell N.",lectus@urnasuscipitnonummy.org,647-546218,"P.O. Box 126, 9869 Vestibulum Avenue",Santa Bárbara,Armenia,1661
"Williams, Zenaida X.",orci.luctus@maurisSuspendisse.co.uk,666-827872,Ap #494-567 Blandit Avenue,Paradise,Singapore,1061
"Hurst, Jael W.",Duis.a.mi@ridiculusmusAenean.ca,619-955251,5207 Non Rd.,Kamoke,Belarus,1706
"Mack, Andrew O.",commodo@Ut.org,648-950369,"P.O. Box 245, 2607 Penatibus St.",Oevel,Curaçao,671
"Dawson, Vanna W.",sed.dictum.eleifend@non.com,678-818840,664-1973 Magna. St.,Kansas City,Uzbekistan,2618
"Cruz, Justine G.",quis.pede@tacitisociosqu.ca,630-045431,Ap #322-3647 Et Rd.,San Giuliano di Puglia,Russian Federation,1334
"Valencia, Hollee Q.",senectus.et@doloregestasrhoncus.org,608-730305,8634 Pharetra. Rd.,Hines Creek,Saudi Arabia,2208
"Powell, Lucas T.",pharetra.nibh@enim.edu,674-232080,"P.O. Box 729, 5900 Laoreet St.",Zweibrücken,Panama,2687
"Camacho, Dane T.",sed@leoMorbi.edu,612-219663,Ap #129-7055 Suspendisse Av.,Villa Alemana,United Kingdom (Great Britain),2537
"Bowers, Kiayada I.",Duis@convallis.ca,638-941984,"P.O. Box 140, 4764 Lectus, Avenue",Hassan,Sao Tome and Principe,3626
"Glover, Acton U.",amet.consectetuer.adipiscing@Proinnon.ca,676-383390,Ap #235-5399 Duis Ave,Vastogirardi,Italy,2527
"Cortez, Hayley J.",at.pede@nequevenenatislacus.net,608-317723,Ap #917-5622 Vitae Street,Shrewsbury,Svalbard and Jan Mayen Islands,2297
"Bowman, Willow S.",dui.quis.accumsan@blanditNam.org,627-059141,Ap #466-7500 Dignissim Av.,Teltow,Svalbard and Jan Mayen Islands,2553
"Fuentes, Cooper I.",felis.Donec.tempor@mollisvitaeposuere.edu,651-775840,747-5209 Sed Av.,Kaiserslauter,Saint Barthélemy,788
"Marsh, Phoebe H.",ultrices@Nulla.org,690-674579,"P.O. Box 546, 3617 Lacinia. Avenue",Saint-Servais,Turkey,1001
"Stanley, Francesca V.",nibh.Aliquam@duiaugueeu.co.uk,601-649628,848-3310 Arcu. Av.,Jaboatão dos Guararapes,Equatorial Guinea,1386
"Wiley, Francis W.",diam@estcongue.co.uk,698-377408,Ap #923-7901 Et Rd.,Salon-de-Provence,Barbados,2920
"Garner, Bertha X.",nulla.Integer@lectusNullam.net,683-454954,697-2003 Eu Road,Cairns,Ghana,2900
"Stein, Ora X.",lobortis@tortoratrisus.org,645-847323,"Ap #486-4353 Nec, Avenue",Kent,India,1857
"Barker, Reagan N.",leo.Vivamus@tempuseuligula.org,688-275696,Ap #260-8861 Sed Avenue,Cartagena,Antarctica,3362
"Rowe, Summer P.",sit.amet.risus@arcuSedet.net,636-452373,Ap #199-1260 Arcu. Ave,Londerzeel,Saint Barthélemy,1526
"Deleon, Hillary W.",Morbi.vehicula.Pellentesque@gravidaAliquam.org,652-901775,"686-5254 Tempor, St.",Cambiago,Seychelles,2076
"Reese, Kane I.",orci@congue.org,660-567813,"P.O. Box 258, 9243 Aliquam St.",Basingstoke,Liechtenstein,1377
"Gardner, Rashad M.",Duis@in.ca,626-948565,410-9785 Cras Rd.,Lugnano in Teverina,Togo,1706
"Richard, Aidan X.",Quisque@nascetur.com,620-451497,545-8475 Quisque St.,Köthen,Norway,3587
"Mckay, Reese Y.",tempor@morbi.co.uk,691-648674,Ap #817-5631 Erat Av.,Limelette,Dominica,2126
"Chan, Tyrone W.",nibh.lacinia@facilisi.co.uk,695-116751,Ap #312-6369 Dui Rd.,Brentwood,Finland,2611
"Mcintosh, Mona B.",id@lacusvestibulum.edu,629-910544,"P.O. Box 320, 6628 Dui Av.",Montgomery,Turkey,3907
"Benton, Dante M.",non@eleifendvitaeerat.org,694-844714,224-9711 Ultrices Ave,Saint-Étienne-du-Rouvray,Cook Islands,2615
"Hale, Jordan H.",rutrum.lorem.ac@sagittisaugueeu.org,692-876820,1530 Massa. Avenue,Ronciglione,Martinique,1938
"Beck, Geoffrey Y.",montes.nascetur@tinciduntorci.edu,634-270523,174-8307 Mus. St.,Marcq-en-Baroeul,Kenya,1751
"Davis, Ariel U.",vulputate.posuere.vulputate@arcu.edu,683-890076,Ap #996-6793 Vitae St.,Falmouth,Georgia,2755
"Glenn, Briar K.",enim.Etiam.imperdiet@porttitor.co.uk,682-686479,817-4142 Parturient Av.,Warszawa,India,3877
"Hicks, Hoyt E.",Phasellus.dapibus@eleifendCrassed.co.uk,606-962187,Ap #411-5834 Vel Road,Darbhanga,Ukraine,1080
"Chang, Cara A.",velit.justo@ipsumcursus.ca,622-455040,146-9091 Pretium Rd.,Fiuminata,Tajikistan,1765
"Zimmerman, Harriet L.",urna@aceleifendvitae.edu,652-024521,243-401 Tempor Avenue,Colombo,Paraguay,3077
"Walsh, Mannix Q.",Duis@non.edu,666-000848,900-2627 Nunc St.,Cte-Saint-Luc,Denmark,3233
"Cline, Velma B.",metus@nuncQuisque.ca,699-536134,Ap #835-1805 Egestas. Street,Dokkum,Moldova,1415
"Combs, Philip A.",diam.Proin.dolor@tacitisociosqu.co.uk,681-170108,"P.O. Box 849, 2015 Vitae, St.",Quilleco,Turkey,3114
"Mccray, Baker P.",Vivamus.euismod@commodo.co.uk,675-673534,"185-1680 Rutrum, Avenue",Aalbeke,Cape Verde,2307
"Petersen, Kirk E.",iaculis.quis.pede@egestas.ca,680-338600,Ap #420-2262 Ultrices Road,Harlingen,Burkina Faso,3972
"Peck, Murphy D.",ridiculus.mus.Donec@Sednec.co.uk,685-685613,340-2966 Nulla. St.,Pointe-du-Lac,Congo (Brazzaville),2022
"Turner, Madeson I.",iaculis.quis.pede@Donecluctusaliquet.co.uk,699-506796,Ap #814-8359 Aliquam Av.,Rockville,Nigeria,1275
"Holder, Sheila J.",in.magna.Phasellus@dui.com,624-972030,Ap #439-2188 Metus. Av.,Irricana,Yemen,2952
"Osborne, Dana I.",aliquam.adipiscing.lacus@enimgravidasit.org,656-851800,4400 Pede. Street,Laino Castello,Cameroon,3366
"Snider, Colin M.",sociis.natoque.penatibus@euplacerateget.edu,656-913988,679-8831 Sed Rd.,Kuurne,Wallis and Futuna,1321
